name,id,firstAuthor,numOfCoAuthors,title,subtitle,normalizedGenre,yearNormalized,size,libretto,averageClustering,density,averagePathLength,maxDegreeIds,averageDegree,diameter,yearPremiered,yearPrinted,maxDegree,numOfSpeakers,numOfSpeakersFemale,numOfSpeakersMale,numOfSpeakersUnknown,numPersonGroups,numConnectedComponents,yearWritten,numOfSegments,wikipediaLinkCount,numOfActs,wordCountText,wordCountSp,wordCountStage,numOfP,numOfL
"afinogenov-mashenka","rus000167","Афиногенов","0","Машенька","Пьеса в 3-х актах 7-ми сценах","","1941","12","false","0.9599326599326599","0.9545454545454546","1.0454545454545454","several characters","10.5","2","1941","1941","11","12","6","5","1","","1","1940","7","1","3","14690","13392","2498","827","4"
"andreyev-k-zvezdam","rus000194","Андреев","0","К звёздам","","","1906","13","false","0.9580419580419581","0.9487179487179487","1.0512820512820513","several characters","11.384615384615385","2","1906","","12","13","4","9","0","","1","1905","4","0","4","14495","13417","1328","953","44"
"andreyev-mysl","rus000137","Андреев","0","Мысль","Современная трагедия в трех действиях и шести картинах","Tragedy","1914","15","false","0.8108994708994709","0.37142857142857144","1.9142857142857144","kerzhentsev","5.2","3","1914","1914","9","15","6","9","0","","1","1913","6","0","3","13677","12576","1991","667","0"
"andreyev-ne-ubiy","rus000138","Андреев","0","Не убий","","","1913","23","false","0.9121040025468616","0.5889328063241107","1.4150197628458498","yakov|vasilisa_petrovna","12.956521739130435","3","1913","1913","21","23","9","14","0","","1","1913","6","0","5","20008","17691","3151","972","0"
"artsybashev-revnost","rus000211","Арцыбашев","0","Ревность","Драма въ 5-ти дѣйствіяхъ","","1913","11","false","0.9575757575757575","0.8727272727272727","1.1272727272727272","elena_nikolaevna|sergej_petrovich|knjaz","8.727272727272727","2","1914","1913","10","11","3","8","0","","1","","5","0","5","21625","20958","4198","1182","0"
"babel-marija","rus000119","Бабель","0","Мария","Пьеса в 8 картинах","","1935","22","false","0.8762714558169105","0.3203463203463203","1.9090909090909092","katya","6.7272727272727275","3","1964","1935","14","22","8","14","0","","1","1934","8","2","0","8982","8164","1156","573","22"
"babel-zakat","rus000118","Бабель","0","Закат","Пьеса в 8 сценах","","1927","37","false","0.8985210910715256","0.3918918918918919","1.6741741741741742","mendel","14.108108108108109","3","1927","1928","32","37","8","27","2","","1","","8","3","0","9111","7467","2486","634","24"
"belsky-skazanie-o-nevidimom-grade-kitezhe","rus000205","Бельский","0","Сказание о невидимом граде Китеже и деве Февронии","","","1907","17","false","0.8894239747180925","0.6323529411764706","1.3676470588235294","fevronija","10.117647058823529","2","1907","1907","16","17","1","11","5","","1","1903","6","12","4","8600","7624","1752","0","1439"
"blok-balaganchik","rus000022","Блок","0","Балаганчик","","","1906","16","false","0.9428571428571428","0.6","1.4","pero|arlekin","9","2","1906","1906","15","16","4","11","1","","1","1906","3","0","0","2251","1817","874","25","174"
"blok-korol-na-ploschadi","rus000075","Блок","0","Король на площади","","","1907","29","false","0.6592202816340746","0.15517241379310345","1.793103448275862","golosa_v_tolpe","4.344827586206897","4","","1907","12","29","4","23","2","","6","1906","23","0","3","5562","5147","1668","217","197"
"blok-neznakomka","rus000074","Блок","0","Незнакомка","","","1907","34","false","0.9540999121389291","0.47950089126559714","1.5204991087344029","poet","15.823529411764707","2","1913","1907","33","34","4","28","2","","1","1906","3","0","0","4344","3791","1442","116","222"
"bulgakov-adam-i-eva","rus000193","Булгаков","0","Адам и Ева","Пьеса в четырех актах","","1931","13","false","0.9160839160839161","0.8461538461538461","1.1538461538461537","several characters","10.153846153846153","2","","1971","12","13","4","9","0","","1","1931","4","2","4","14682","13447","2055","897","0"
"bulgakov-batum","rus000192","Булгаков","0","Батум","Пьеса в четырех действиях","","1939","36","false","0.8777708584216357","0.37936507936507935","1.5574387947269304","stalin","13.277777777777779","3","1992","1977","31","36","1","35","0","","2","1936/1939","10","2","4","14320","12191","3177","952","14"
"bulgakov-beg","rus000134","Булгаков","0","Бег","Восемь снов / Пьеса в четырех действиях","","1928","40","false","0.9163799599443883","0.39871794871794874","1.6128205128205129","charnota","15.55","3","1957","","38","40","7","33","0","","1","1928","8","4","4","16019","13503","3820","893","0"
"bulgakov-dni-turbinyh","rus000073","Булгаков","0","Дни Турбиных","Пьеса в четырех действиях","","1926","29","false","0.9057496066677234","0.41133004926108374","1.896551724137931","galanba|kirpatyj|uragan","11.517241379310345","4","1926","1955","19","29","1","27","1","","1","1925/1926","7","3","4","16537","15606","1397","1364","59"
"bulgakov-ivan-vasilevich","rus000083","Булгаков","0","Иван Васильевич","Комедия в трех действиях","Comedy","1936","16","false","0.9400183150183152","0.8666666666666667","1.1333333333333333","several characters","13","2","1967","1965","15","16","3","13","0","","1","1934/1936","3","7","3","10361","9595","1512","656","0"
"bulgakov-kabala-svjatosh","rus000090","Булгаков","0","Кабала святош (Мольер)","Драма в четырех действиях","","1936","24","false","0.8582529922123912","0.6521739130434783","1.3478260869565217","muarron|moler","15","2","1936","1962","23","24","6","17","1","","1","","4","4","4","11387","9210","3359","704","48"
"bulgakov-poloumnyj-zhurden","rus000141","Булгаков","0","Полоумный Журден","Мольериана в трех действиях","","1932","22","false","0.9220779220779222","0.8441558441558441","1.155844155844156","several characters","17.727272727272727","2","","1965","21","22","5","17","0","","1","1932","3","2","3","8078","7718","737","737","10"
"bulgakov-poslednie-dni","rus000087","Булгаков","0","Последние дни (Пушкин)","Пьеса в четырех действиях","","1943","36","false","0.8441951595589365","0.2714285714285714","2.011111111111111","bogomazov","9.5","4","1943","1955","21","36","6","30","0","","1","1935","10","2","4","11485","10030","2152","743","43"
"bulgakov-vojna-i-mir","rus000191","Булгаков","0","Война и мир","Инсценированный роман Л.Н. Толстого в четырех действиях (тридцать сцен)","","1932","95","false","0.8999653117774196","0.10996640537513998","2.320044792833147","chtets","10.336842105263157","4","","1986","54","95","12","76","7","","1","1932","30","0","4","14413","12222","2653","699","7"
"bulgakov-zojkina-kvartira","rus000170","Булгаков","0","Зойкина квартира","Пьеса в трех актах","","1926","27","false","0.9489458689458691","0.6809116809116809","1.3190883190883191","several characters","17.703703703703702","2","1926","1929","26","27","12","14","1","","1","1925","7","3","3","17181","16173","1882","1498","4"
"chekhov-chaika","rus000072","Чехов","0","Чайка","Комедия в четырех действиях","Comedy","1896","12","false","0.9186868686868688","0.7878787878787878","1.2121212121212122","shamraev|arkadina","8.666666666666666","2","1896","1896","11","12","4","8","0","","1","1895","60","35","4","13843","13086","1796","662","0"
"chekhov-djadja-vanja","rus000071","Чехов","0","Дядя Ваня","Сцены из деревенской жизни в четырех действиях","","1897","10","false","0.8023809523809524","0.6666666666666666","1.3777777777777778","astrov|sonja","6","3","1897","1897","8","10","4","6","0","","1","1896","47","34","4","12711","12134","1491","583","0"
"chekhov-ivanov","rus000070","Чехов","0","Иванов","Драма в четырех действиях","","1889","17","false","0.8272280007574125","0.5882352941176471","1.4558823529411764","several characters","9.411764705882353","3","1889","1889","13","17","6","10","1","","1","1887/1888","40","13","4","17371","16438","1820","850","0"
"chekhov-jubilej","rus000069","Чехов","0","Юбилей","Шутка в одном действии","Comedy","1892","5","false","0.9","0.9","1.1","Merchutkina|TatjanaAlekseevna|Shipuchin","3.6","2","1900","1892","4","5","2","3","0","","1","1891","7","6","1","3572","3354","471","134","0"
"chekhov-leshii","rus000068","Чехов","0","Леший","Комедия в 4-х действиях","Comedy","1889","13","false","0.9351981351981351","0.8974358974358975","1.1025641025641026","several characters","10.76923076923077","2","1889","1890","12","13","4","9","0","","1","1889","47","4","4","17145","16282","1546","923","0"
"chekhov-medved","rus000067","Чехов","0","Медведь","Шутка в одном действии","Comedy","1888","3","false","1","1","1","Smirnov|Luka|Popova","2","1","1888","1888","2","3","1","2","0","","1","1888","11","11","0","3678","3571","280","199","0"
"chekhov-na-bolshoi-doroge","rus000066","Чехов","0","На большой дороге","Драматический этюд в одном действии","","1884","11","false","0.9183261183261183","0.8545454545454545","1.1454545454545455","tihon|merik|bortsov","8.545454545454545","2","","1914","10","11","3","7","1","","1","1884","5","3","0","5407","5123","799","369","0"
"chekhov-noch-pered-sudom","rus000065","Чехов","0","Ночь перед судом","","","1886","4","false","0.5833333333333333","0.6666666666666666","1.3333333333333333","Zajtsev","2","2","","1886","3","4","1","3","0","","1","1884","10","0","0","1733","1677","155","80","0"
"chekhov-predlozhenie","rus000064","Чехов","0","Предложение","Шутка в одном действии","Comedy","1889","3","false","1","1","1","natalja_stepanovna|lomov|chubukov","2","1","1889","1889","2","3","1","2","0","","1","1888","7","13","0","3335","3255","174","203","0"
"chekhov-svadba","rus000063","Чехов","0","Свадьба","Сцена в одном действии","","1890","13","false","0.9766899766899767","0.8717948717948718","1.1282051282051282","Aplombov|NastasjaTimofeevna","10.461538461538462","2","1900","1890","12","13","3","10","0","","1","1889","9","10","1","3445","3230","279","185","0"
"chekhov-tatjana-repina","rus000062","Чехов","0","Татьяна Репина","Драма в 1 действии","","1889","28","false","1","1","1","several characters","27","1","","1889","27","28","5","18","5","","1","1889","1","5","1","3696","3479","390","286","0"
"chekhov-tragik-ponevole","rus000061","Чехов","0","Трагик поневоле (Из дачной жизни)","Шутка в одном действии","Comedy","1889","2","false","0","1","1","Tolkachov|Murashkin","1","1","","1889","1","2","0","2","0","","1","1889","1","7","1","1687","1613","76","38","0"
"chekhov-tri-sestry","rus000060","Чехов","0","Три сестры","Драма в четырех действиях","","1901","14","false","0.8932844932844934","0.8241758241758241","1.1758241758241759","Irina","10.714285714285714","2","1901","1901","13","14","5","9","0","","1","1900","86","38","4","16535","15496","2294","1037","0"
"chekhov-vishnevyi-sad","rus000059","Чехов","0","Вишневый сад","Комедия в 4-х действиях","Comedy","1904","14","false","0.8601886209029068","0.7252747252747253","1.2747252747252746","Lopahin|LjubovAndreevna","9.428571428571429","2","1904","1904","12","14","5","9","0","","1","1903","74","38","4","13182","12029","2495","865","0"
"dashkova-toisiokov","rus000109","Дашкова","0","Тоисиоков","Комедия в пяти действиях","Comedy","1786","11","false","0.8378787878787879","0.7818181818181819","1.2181818181818183","reshimova|masha","7.818181818181818","2","","1786","10","11","4","7","0","","1","","55","0","5","8143","7614","649","340","0"
"ekaterina-vtoraja-iz-zhizni-rjurika","rus000208","Екатерина II","0","Из жизни Рюрика","Подражание Шакеспиру, без сохранения театральных обыкновенных правил","","1786","23","false","0.7535874753266059","0.391304347826087","1.7786561264822134","rjurik","8.608695652173912","4","","1786","15","23","2","21","0","","1","1786","31","1","5","5601","5091","461","243","0"
"ekaterina-vtoraja-o-vremja","rus000207","Екатерина II","0","О время!","Комедия в трех действиях","Comedy","1772","7","false","0.9238095238095239","0.9047619047619048","1.0952380952380953","several characters","5.428571428571429","2","1772","1772","6","7","5","2","0","","1","1771","25","0","3","9136","8957","247","281","0"
"ekaterina-vtoraja-rasstroennaja-semja","rus000209","Екатерина II","0","Расстроенная семья острожками и подозрениями","Комедия в 5-ти действиях","Comedy","1786","10","false","0.8924603174603174","0.8444444444444444","1.1555555555555554","several characters","7.6","2","","1786","9","10","3","7","0","","1","","40","0","4","11634","11259","658","881","0"
"fonvizin-brigadir","rus000058","Фонвизин","0","Бригадир","Комедия в пяти действиях","Comedy","1772","8","false","0.9642857142857143","0.9642857142857143","1.0357142857142858","several characters","6.75","2","1772","1786","7","8","3","5","0","","1","1765/1769","30","0","5","13073","12718","580","717","0"
"fonvizin-korion","rus000103","Фонвизин","0","Корион","Комедия в трех актах","Comedy","1764","5","false","0.9","0.9","1.1","andrej|menandr|korion","3.6","2","1764","","4","5","1","4","0","","1","1764","22","0","3","7219","7086","115","0","1050"
"fonvizin-nedorosl","rus000057","Фонвизин","0","Недоросль","Комедия в пяти действиях","Comedy","1782","15","false","0.8516161616161616","0.6571428571428571","1.3714285714285714","several characters","9.2","3","1782","1783","12","15","3","12","0","","1","1781","40","5","5","16365","15777","1092","960","0"
"fonvizin-vybor-guvernera","rus000100","Фонвизин","0","Выбор гувернера","Комедия в трех действиях","Comedy","1790","12","false","0.8707070707070708","0.6060606060606061","1.393939393939394","seum|knjaz|knjaginja","6.666666666666667","2","","1790","11","12","6","6","0","","1","","14","0","3","3019","2848","192","177","0"
"glinka-velzen","rus000121","Глинка","0","Вельзен, или освобожденная Голландия","Трагедия в 5 действиях","Tragedy","1810","22","false","0.6482683982683981","0.22077922077922077","1.9264069264069263","inslar|velzen","4.636363636363637","3","","1810","15","22","1","17","4","","1","1808","40","0","5","9565","9022","897","0","1260"
"gogol-igroki","rus000088","Гоголь","0","Игроки","","Comedy","1842","9","false","0.8642857142857143","0.6944444444444444","1.3055555555555556","shvohnev","5.555555555555555","2","1843","1842","8","9","0","9","0","","1","1836/1842","25","6","0","9304","9001","646","488","4"
"gogol-lakeiskaja","rus000056","Гоголь","0","Лакейская","","","1842","9","false","0.5079365079365079","0.3611111111111111","1.8055555555555556","Grigorij","2.888888888888889","3","","1842","7","9","2","7","0","","1","1839/1840","8","2","0","1661","1500","235","85","0"
"gogol-otryvok","rus000055","Гоголь","0","Отрывок","","","1842","4","false","0.5833333333333333","0.6666666666666666","1.3333333333333333","marja_aleksandrovna","2","2","","1842","3","4","1","3","0","","1","1840/1842","2","2","0","3641","3619","82","139","0"
"gogol-revizor","rus000054","Гоголь","0","Ревизор","Комедия в пяти действиях","Comedy","1836","31","false","0.8233755852077904","0.4946236559139785","1.5195402298850575","gorodnichij","14.838709677419354","3","1836","1836","26","31","8","22","1","","2","1835","53","40","5","21327","19833","2029","948","0"
"gogol-teatralnyi-razezd","rus000053","Гоголь","0","Театральный разъезд после представления новой комедии","","","1842","99","false","0.6740740740740739","0.06431663574520717","1.0403726708074534","several characters","6.303030303030303","3","","1842","19","99","4","88","7","","30","1836/1842","37","0","0","9993","9716","510","291","0"
"gogol-tjazhba","rus000052","Гоголь","0","Тяжба","","","1842","3","false","0","0.6666666666666666","1.3333333333333333","proletov","1.3333333333333333","2","1844","1842","2","3","0","3","0","","1","1832/1836","4","2","0","1724","1699","60","71","0"
"gogol-utro-delovogo-cheloveka","rus000051","Гоголь","0","Утро делового человека","","","1836","5","false","0.4333333333333334","0.5","1.5","ivan_petrovich","2","2","","1836","4","5","1","4","0","","1","1836","5","2","0","1682","1606","142","86","0"
"gogol-zhenitba","rus000050","Гоголь","0","Женитьба","Совершенно невероятное событие в двух действиях","Comedy","1842","12","false","0.7344576719576721","0.6363636363636364","1.4242424242424243","several characters","7","3","1842","1842","9","12","4","8","0","","1","1833/1835","46","10","2","13294","12713","1088","723","0"
"gorky-egor-bulychov-i-drugie","rus000049","Горький","0","Егор Булычов и другие","Сцены","","1932","22","false","0.7775605336434214","0.4199134199134199","1.6233766233766234","bulychov|shura","8.818181818181818","3","1932","1932","17","22","8","14","0","","1","1931","75","1","3","11139","10435","1028","1062","2"
"gorky-na-dne","rus000048","Горький","0","На дне","","","1902","17","false","1","1","1","several characters","16","1","1902","1903","16","17","5","12","0","","1","1901/1902","4","18","4","16646","15331","2510","1251","29"
"gorky-vassa-zheleznova","rus000163","Горький","0","Васса Железнова (Мать)","Сцены","","1910","12","false","0.9727272727272726","0.9696969696969697","1.0303030303030303","several characters","10.666666666666666","2","1936","1910","11","12","8","4","0","","1","1910","3","5","3","11388","10773","1588","1064","1"
"griboyedov-gore-ot-uma","rus000047","Грибоедов","0","Горе от ума","Комедия в четырех действиях, в стихах","Comedy","1825","31","false","0.8009147779133753","0.43655913978494626","1.5738916256157636","chatskij","13.096774193548388","3","","1825","23","31","13","18","0","","3","1822/1824","60","15","4","14862","14120","989","0","2430"
"griboyedov-molodye-suprugi","rus000151","Грибоедов","0","Молодые супруги","Комедия в одном действии, в стихах","Comedy","1815","3","false","1","1","1","arist|safir|elmira","2","1","1815","1815","2","3","1","2","0","","1","","14","0","0","4927","4823","97","0","798"
"gumilyov-akteon","rus000046","Гумилёв","0","Актеон","","","1913","15","false","0.9271794871794872","0.3904761904761905","1.6952380952380952","akteon","5.466666666666667","3","","1913","13","15","5","10","0","","1","1913","8","0","0","1487","1371","224","0","272"
"gumilyov-ditja-allaha","rus000045","Гумилёв","0","Дитя Аллаха","","","1917","20","false","0.9054605263157895","0.5578947368421052","1.4421052631578948","peri|dervish","10.6","2","1922","1917","19","20","2","16","2","","1","1916","3","1","0","3880","3848","205","0","807"
"gumilyov-don-zhuan-v-egipte","rus000044","Гумилёв","0","Дон-Жуан в Египте","Одноактная пьеса в стихах","","1911","4","false","1","1","1","several characters","3","1","1913","1911","3","4","1","3","0","","1","1911","3","0","0","1511","1482","126","0","291"
"gumilyov-gondla","rus000043","Гумилёв","0","Гондла","","","1917","8","false","1","1","1","several characters","7","1","1920","1917","7","8","1","7","0","","1","1916","20","1","4","6070","5564","386","0","1107"
"kapnist-antigona","rus000114","Капнист","0","Антигона","Трагедия в пяти действиях","Tragedy","1814","7","false","0.5619047619047619","0.47619047619047616","1.5238095238095237","ehmon","2.857142857142857","2","1814","1849","6","7","2","5","0","","1","","26","0","5","9898","9590","501","0","1392"
"kapnist-yabeda","rus000125","Капнист","0","Ябеда","Комедия в пяти действиях","Comedy","1798","15","false","0.8885780885780886","0.8380952380952381","1.1714285714285715","several characters","11.733333333333333","3","1798","1798","13","15","3","12","0","","1","1791/1798","41","0","5","17408","16851","1126","0","2534"
"kedrin-rembrandt","rus000129","Кедрин","0","Рембрандт","Драма в стихах","","1940","41","false","0.8514797687214083","0.22195121951219512","1.976829268292683","rembrandt","8.878048780487806","3","","1940","29","41","5","35","1","","1","1938","37","0","6","13148","12641","1387","0","2140"
"kheraskov-osvobozhdennaja-moskva","rus000111","Херасков","0","Освобожденная Москва","","Tragedy","1798","22","false","0.6591794569067295","0.2597402597402597","2.012987012987013","knjaz_dimitrij|sofija","5.454545454545454","4","1798","1798","12","22","3","18","1","","1","","47","0","5","13137","12599","596","0","1871"
"kheraskov-plamena","rus000210","Херасков","0","Пламена","Трагедия","Tragedy","1765","14","false","0.7100494743351886","0.3516483516483517","1.6538461538461537","prevzyd","4.571428571428571","3","","1765","11","14","2","12","0","","2","1762","34","0","5","10954","10692","260","0","1587"
"kheraskov-venecianskaya-monahinya","rus000096","Херасков","0","Венецианская монахиня","Трагедия в трех действиях","Tragedy","1758","7","false","0.8666666666666666","0.6666666666666666","1.3333333333333333","mirozi|korans","4","2","1758","1758","6","7","1","6","0","","1","","17","0","3","9746","9009","139","0","1304"
"khlebnikov-snezhimochka","rus000110","Хлебников","0","Снежимочка","Рождественская сказка","","1915","67","false","0.9975918725699235","0.352329262777024","1.1097142857142857","snezhak","23.253731343283583","2","","1915","35","67","12","33","22","","3","1908","4","0","4","2298","1712","796","129","44"
"khmelnitsky-govorun","rus000128","Хмельницкий","0","Говорун","Комедия в одном действии, в стихах","Comedy","1817","12","false","0.85496632996633","0.6515151515151515","1.3484848484848484","graf","7.166666666666667","2","1817","1817","11","12","9","3","0","","1","","16","0","0","4354","4194","229","1","636"
"khmelnitsky-svetskiy-sluchay","rus000123","Хмельницкий","0","Светский случай","Комедия в одном действии, в стихах","Comedy","1826","6","false","0.8999999999999999","0.8666666666666667","1.1333333333333333","stolicyn|ramirskij|evgeniya","4.333333333333333","2","1826","1829","5","6","2","4","0","","1","","14","0","0","4981","4874","210","0","813"
"khmelnitsky-vozdushnye-zamki","rus000122","Хмельницкий","0","Воздушные замки","Комедия в одном действии, в стихах","Comedy","1818","5","false","0.8666666666666666","0.8","1.2","alnaskarov|sasha","3.2","2","1818","1818","4","5","2","3","0","","1","","20","0","0","5074","4929","281","1","741"
"khmelnitsky-vzaimnye-ispytaniya","rus000124","Хмельницкий","0","Взаимные испытания","Комедия в одном действии, в стихах","Comedy","1829","4","false","1","1","1","several characters","3","1","1829","1829","3","4","2","2","0","","1","1826","17","0","0","3890","3787","129","2","623"
"knyazhnin-chudaki","rus000140","Княжнин","0","Чудаки","Комедия в стихах, в пяти действиях","Comedy","1793","14","false","0.8383116883116885","0.6483516483516484","1.3626373626373627","prolaz|lentjagina","8.428571428571429","3","","1793","12","14","3","11","0","","1","1790","44","0","5","18930","18503","1075","0","2693"
"knyazhnin-didona","rus000127","Княжнин","0","Дидона","Трагедия в пяти действиях","Tragedy","1769","9","false","0.780952380952381","0.4722222222222222","1.6111111111111112","didona","3.7777777777777777","3","1769","1790","7","9","3","6","0","","1","1769","35","0","5","9951","9734","138","0","1455"
"knyazhnin-hvastun","rus000139","Княжнин","0","Хвастун","Комедия в стихах, в пяти действиях","Comedy","1785","11","false","0.9202020202020204","0.8545454545454545","1.1454545454545455","several characters","8.545454545454545","2","1785","1786","10","11","3","8","0","","1","1784/1785","50","0","5","16372","16026","888","0","2396"
"knyazhnin-neudachnyj-primiritel","rus000166","Княжнин","0","Неудачный примиритель, или Без обеду домой поеду","Комедия в трех действиях","Comedy","1787","6","false","1","1","1","several characters","5","1","1790","1787","5","6","2","4","0","","1","","22","0","3","10661","10466","456","630","0"
"knyazhnin-olga","rus000108","Княжнин","0","Ольга","Трагедия","Tragedy","1772","7","false","0.8523809523809524","0.7619047619047619","1.2380952380952381","svyatoslav|olga","4.571428571428571","2","","","6","7","2","5","0","","1","1772","23","0","5","11575","11347","273","0","1719"
"knyazhnin-rosslav","rus000154","Княжнин","0","Росслав","Трагедия в стихах, в пяти действиях","Tragedy","1784","6","false","0.9","0.8666666666666667","1.1333333333333333","hristiern|kedar|zafira","4.333333333333333","2","1784","1784","5","6","1","5","0","","1","","28","0","5","11250","11002","255","0","1732"
"knyazhnin-traur","rus000168","Княжнин","0","Траур, или Утешенная вдова","Комедия в двух действиях","Comedy","1789","6","false","0.8222222222222223","0.7333333333333333","1.2666666666666666","vetran","3.6666666666666665","2","1789","1803","5","6","2","4","0","","1","1787/1788","9","0","2","6386","6291","292","349","0"
"knyazhnin-vadim-novgorodskij","rus000136","Княжнин","0","Вадим Новгородский","Трагедия в стихах, в пяти действиях","Tragedy","1793","7","false","0.6571428571428573","0.5714285714285714","1.4761904761904763","ramida|vadim","3.4285714285714284","3","","1793","5","7","2","5","0","","1","1788/1789","22","0","5","10368","10177","208","0","1573"
"kokoshkin-vospitanie","rus000147","Кокошкин","0","Воспитание, или вот приданое","Комедия в четырех действиях, в стихах","Comedy","1824","11","false","0.9318181818181818","0.8909090909090909","1.1090909090909091","several characters","8.909090909090908","2","1824","1824","10","11","4","7","0","","1","1823","33","0","4","15147","14514","1233","1","2155"
"kropotov-fomushka","rus000115","Кропотов","0","Фомушка – бабушкин внучек","Комедия","Comedy","1790","10","false","0.9444444444444444","0.9111111111111111","1.0888888888888888","several characters","8.2","2","","1790","9","10","3","7","0","","1","1785","35","0","5","10726","10249","785","373","0"
"krylov-amerikantsy","rus000041","Крылов","0","Американцы","Опера комическая в двух действиях","","1788","10","true","0.840952380952381","0.5777777777777777","1.4666666666666666","atsem|elvira","5.2","3","1800","","8","10","4","5","1","","1","1787/1788","25","0","2","8100","7534","434","425","0"
"krylov-filomela","rus000107","Крылов","0","Филомела","Трагедия в пяти действиях, в стихах","Tragedy","1793","7","false","0.7333333333333333","0.6666666666666666","1.3333333333333333","terej","4","2","","1793","6","7","2","5","0","","1","1786","28","0","5","10118","9830","234","0","1514"
"krylov-modnaja-lavka","rus000102","Крылов","0","Модная лавка","Комедия в трех действиях","Comedy","1806","11","false","0.868037518037518","0.6545454545454545","1.3454545454545455","lestov|masha","6.545454545454546","2","1806","1807","10","11","5","6","0","","1","","41","2","3","11617","11275","488","646","0"
"krylov-pirog","rus000113","Крылов","0","Пирог","Комедия в одном действии","Comedy","1801","9","false","0.7142857142857143","0.6388888888888888","1.3888888888888888","vanka|vspyshkin","5.111111111111111","3","","1869","7","9","3","6","0","","1","1799/1801","14","0","1","5787","5662","138","394","2"
"krylov-podschipa-ili-trumf","rus000040","Крылов","0","Подщипа или Трумф","Шуто-трагедия в двух действиях, в стихах","Comedy","1800","8","false","0.9285714285714285","0.8928571428571429","1.1071428571428572","several characters","6.25","2","","1859","7","8","3","5","0","","1","1798/1800","21","1","2","4976","4779","250","0","689"
"krylov-prokazniki","rus000132","Крылов","0","Проказники","Комедия в пяти действиях","Comedy","1793","10","false","1","1","1","several characters","9","1","","1793","9","10","4","6","0","","1","1788","66","0","5","18885","18353","870","1109","16"
"krylov-sonnyj-poroshok","rus000039","Крылов","0","Сонный порошок или похищенная крестьянка","Опера в трех действиях","","1800","10","true","0.9","0.8","1.2","several characters","7.2","2","1800","1905","9","10","3","5","2","","1","1798","23","0","3","7741","7461","496","235","806"
"krylov-urok-dochkam","rus000038","Крылов","0","Урок дочкам","Комедия в одном действии","Comedy","1807","9","false","0.8835978835978835","0.7222222222222222","1.3055555555555556","several characters","5.777777777777778","3","1807","1807","7","9","5","4","0","","1","","18","0","0","6933","6706","385","409","0"
"lazhechnikov-okopirovalsya","rus000131","Лажечников","0","Окопировался","Комедия в трех актах","Comedy","1854","22","false","0.8281873355402767","0.3722943722943723","1.7922077922077921","rezinkin","7.818181818181818","3","1854","1855","17","22","7","13","2","","1","","30","0","3","11922","11390","1427","516","37"
"lensky-horosha-i-durna","rus000106","Ленский","0","Хороша и дурна, и глупа и умна","Водевиль в одном действии","Comedy","1833","6","false","1","1","1","several characters","5","1","1833","","5","6","2","4","0","","1","","23","0","0","11137","10747","884","503","334"
"lermontov-maskarad","rus000037","Лермонтов","0","Маскарад","Драма в 4-х действиях, в стихах","","1842","48","false","0.7946189327556051","0.16578014184397163","2.0666023166023164","knjaz_zvezdich","7.791666666666667","4","1852","1842","31","48","10","37","1","","2","1835/1836","50","8","4","14686","13891","1364","0","2424"
"lermontov-menschen-und-leidenschaften","rus000146","Лермонтов","0","Menschen und Leidenschaften","Ein Trauerspiel","Tragedy","1830","11","false","0.5909090909090908","0.36363636363636365","1.8909090909090909","yuri","3.6363636363636362","4","","1880","7","11","5","6","0","","1","1830","33","3","5","16172","15535","1495","594","14"
"lermontov-strannyj-chelovek","rus000126","Лермонтов","0","Странный человек","Романтическая драма","","1831","48","false","0.9070568252553546","0.17287234042553193","1.6597701149425288","vladimir","8.125","4","1916","1860","22","48","15","30","3","","4","1831","13","2","0","17424","16710","1338","693","155"
"leskov-rastochitel","rus000155","Лесков","0","Расточитель","Драма в пяти действиях","","1867","40","false","0.7479960136100446","0.2653846153846154","1.8012820512820513","drobadonov","10.35","3","1867","1867","31","40","7","24","9","","1","1867","59","0","5","29694","28009","4126","1096","31"
"lomonosov-demofont","rus000036","Ломоносов","0","Демофонт","","Tragedy","1752","8","false","0.8374999999999999","0.75","1.25","memnon","5.25","2","","1752","7","8","3","5","0","","1","1750/1751","30","0","5","10635","10271","151","0","1547"
"lomonosov-tamira-i-selim","rus000035","Ломоносов","0","Тамира и Селим","","Tragedy","1750","10","false","0.7916666666666667","0.6444444444444445","1.3777777777777778","tamira|nadir|mumet","5.8","3","","1750","8","10","2","8","0","","1","","30","0","5","10634","10267","143","0","1595"
"majkov-agriopa","rus000105","Майков","0","Агриопа","","Tragedy","1769","8","false","0.7773809523809523","0.7142857142857143","1.2857142857142858","agriopa","5","2","1769","1775","7","8","2","6","0","","1","","28","0","5","9481","9205","269","0","1356"
"majkov-femist-i-ieronima","rus000120","Майков","0","Фемист и Иеронима","","Tragedy","1775","6","false","0.8388888888888889","0.7333333333333333","1.2666666666666666","femist|magomet","3.6666666666666665","2","","1775","5","6","1","5","0","","1","1773","34","0","5","9289","9045","248","0","1385"
"mamin-sibirjak-malenkaja-pravda","rus000199","Мамин-Сибиряк","0","Маленькая правда","Драма в 4-рех действиях.","","1891","13","false","0.9445998445998445","0.9358974358974359","1.064102564102564","several characters","11.23076923076923","2","","","12","13","6","7","0","","1","1891","56","0","4","16049","15075","1950","856","6"
"mamin-sibirjak-zolotopromyshlenniki","rus000200","Мамин-Сибиряк","0","Золотопромышленники","Бытовая хроника в четырех действиях","","1887","11","false","0.8782106782106781","0.7454545454545455","1.2545454545454546","anisja_tihonovna","7.454545454545454","2","1887","1887","10","11","5","6","0","","1","1886","55","0","4","19109","18216","1919","841","9"
"mayakovsky-banja","rus000034","Маяковский","0","Баня","Драма в шести действиях с цирком и фейерверком","","1929","24","false","0.8239277470895118","0.42391304347826086","1.6630434782608696","ivan_ivanovich","9.75","3","1930","1929","17","24","5","17","2","","1","1929","34","4","6","11003","10337","816","433","106"
"mayakovsky-klop","rus000091","Маяковский","0","Клоп","Феерическая комедия / Девять картин","Comedy","1929","98","false","0.9677850344614651","0.16494845360824742","1.8268743208982252","prisypkin-skripkin","16","3","1929","1929","62","98","12","71","15","","3","1928","9","6","0","8043","7030","1492","331","236"
"mayakovsky-misteriya-buff","rus000093","Маяковский","0","Мистерия-буфф","Героическое, эпическое и сатирическое изображение нашей эпохи / Второй вариант","Comedy","1921","65","false","0.8470204487409713","0.5379807692307692","1.4273285568065506","soglashatel|kuznec|nechistye","34.43076923076923","2","1921","1921","62","65","4","32","29","","2","","7","4","6","10514","9192","1602","0","2510"
"merezhkovsky-pavel-pervyj","rus000164","Мережковский","0","Павел первый","","Tragedy","1908","82","false","0.907223875676031","0.4327009936766034","1.5672990063233965","palen","35.048780487804876","2","1917","1908","79","82","7","75","0","","1","1908","8","2","5","19298","16603","3430","1257","41"
"naydyonov-deti-vanjushina","rus000033","Найдёнов","0","Дети Ванюшина","Драма в четырех действиях","","1901","16","false","0.9285714285714286","0.875","1.125","several characters","13.125","2","1901","","15","16","10","6","0","","1","1901","4","0","4","16468","13607","4393","1080","6"
"nekrasov-akter","rus000145","Некрасов","0","Актер","Шутка-водевиль в одном действии","Comedy","1841","8","false","0.6916666666666665","0.5","1.5","kochergin","3.5","2","1841","1841","7","8","2","6","0","","1","","15","0","0","4841","4654","201","242","141"
"nekrasov-junost-lomonosova","rus000172","Некрасов","0","Юность Ломоносова","Драматическая фантазия в стихах в одном действии с эпилогом","","1840","4","false","1","1","1","several characters","3","1","","1902","3","4","1","3","0","","1","1840","3","0","0","1987","1888","137","0","344"
"nekrasov-shila-v-meshke-ne-utaish","rus000158","Некрасов","0","Шила в мешке не утаишь – девушки под замком не удержишь","Водевиль в двух картинах","Comedy","1841","6","false","0.8222222222222223","0.7333333333333333","1.2666666666666666","fortunkin","3.6666666666666665","2","1841","1841","5","6","2","4","0","","1","","16","0","2","8295","8105","396","347","270"
"nekrasov-zabrakovannye","rus000135","Некрасов","0","Забракованные","Трагедия в трех действиях, с эпилогом, с национальными песнями и плясками и великолепным бенгальским огнем","Tragedy","1859","9","false","0.7870370370370371","0.5833333333333334","1.4166666666666667","grigoriy","4.666666666666667","2","","1859","8","9","3","6","0","","1","","7","0","3","2512","2142","327","0","453"
"nikolev-samolyubivyj-stihotvorec","rus000130","Николев","0","Самолюбивый стихотворец","Комедия в пяти действиях","Comedy","1781","8","false","0.9285714285714285","0.8571428571428571","1.1428571428571428","nadmen|marina|modstrih","6","2","1781","1787","7","8","2","6","0","","1","1775","37","1","5","13772","13479","1092","0","1969"
"ostrovsky-bednaja-nevesta","rus000097","Островский","0","Бедная невеста","Комедия в пяти действиях","Comedy","1852","28","false","0.8513184761083921","0.29894179894179895","1.8650793650793651","dobrotvorskij","8.071428571428571","3","1853","1852","18","28","17","10","1","","1","1851","64","5","5","22713","21711","1632","1182","0"
"ostrovsky-bednost-ne-porok","rus000032","Островский","0","Бедность не порок","Комедия в трех действиях","Comedy","1854","18","false","0.9190077351842056","0.8496732026143791","1.1503267973856208","Razljuljaev|Mitja|PelagejaEgorovna","14.444444444444445","2","1854","1854","17","18","9","9","0","","1","1853","37","3","3","12842","11915","1563","694","192"
"ostrovsky-beshenye-dengi","rus000156","Островский","0","Бешеные деньги","","Comedy","1870","9","false","0.91005291005291","0.8611111111111112","1.1388888888888888","several characters","6.888888888888889","2","1870","1870","8","9","2","7","0","","1","1869","48","2","5","21213","20185","1574","1230","14"
"ostrovsky-bespridannitsa","rus000031","Островский","0","Бесприданница","Драма в четырех действиях","","1878","11","false","0.9818181818181817","0.9818181818181818","1.018181818181818","several characters","9.818181818181818","2","1878","1879","10","11","3","8","0","","1","1874/1878","44","8","4","18321","17271","1531","1331","14"
"ostrovsky-bez-viny-vinovatye","rus000162","Островский","0","Без вины виноватые","Комедия в четырех действиях","Comedy","1884","13","false","0.7208180708180708","0.5","1.6153846153846154","murov","6","3","1884","1884","10","13","6","6","1","","1","1883","28","2","4","18952","18231","1029","1110","0"
"ostrovsky-bogatye-nevesty","rus000187","Островский","0","Богатые невесты","Комедия в четырех действиях","Comedy","1875","6","false","1","1","1","several characters","5","1","1875","1876","5","6","3","3","0","","1","1875","27","1","4","13434","12884","769","815","0"
"ostrovsky-dmitrij-samozvanets-i-vasilij-shujskij","rus000206","Островский","0","Дмитрий Самозванец и Василий Шуйский","Драматическая хроника в двух частях","","1867","93","false","0.9150061199048363","0.25292192613370734","1.8417484805984106","kalachnik","23.268817204301076","3","1867","1867","79","93","5","70","18","","1","1866","13","1","0","20434","19744","1388","0","3479"
"ostrovsky-dohodnoe-mesto","rus000160","Островский","0","Доходное место","Комедия в пяти действиях","Comedy","1856","16","false","0.802788877788878","0.425","1.6333333333333333","zhadov","6.375","3","1857","1856","14","16","5","11","0","","1","1856","38","4","5","19109","18347","1327","925","9"
"ostrovsky-goryachee-serdce","rus000159","Островский","0","Горячее сердце","Комедия в пяти действиях","Comedy","1869","21","false","0.8314461682108739","0.4714285714285714","1.5857142857142856","gradoboev","9.428571428571429","3","1869","1869","18","21","2","17","2","","1","1868","43","2","5","21902","20589","2075","1254","36"
"ostrovsky-greh-da-beda-na-kogo-ne-zhivet","rus000198","Островский","0","Грех да беда на кого не живет","Драма в четырех действиях","","1863","11","false","0.7424242424242425","0.6","1.4545454545454546","zhmigulina|krasnova","6","3","1863","1863","8","11","4","7","0","","1","1862","36","3","4","16337","15719","834","850","6"
"ostrovsky-groza","rus000030","Островский","0","Гроза","Драма в пяти действиях","","1859","29","false","0.8330899739842328","0.27832512315270935","1.9285714285714286","kabanova","7.793103448275862","4","1859","1860","23","29","9","19","1","","1","1859","41","6","5","15612","14836","1186","807","33"
"ostrovsky-les","rus000085","Островский","0","Лес","Комедия в пяти действиях","Comedy","1871","12","false","0.9269360269360271","0.7878787878787878","1.2121212121212122","aksjusha","8.666666666666666","2","1871","1871","11","12","3","9","0","","1","1870","39","5","5","22950","21823","1839","1450","3"
"ostrovsky-na-bojkom-meste","rus000143","Островский","0","На бойком месте","Комедия в трех действиях","Comedy","1865","11","false","0.8258297258297258","0.7454545454545455","1.2545454545454546","several characters","7.454545454545454","2","1865","1865","9","11","2","9","0","","1","","27","1","3","11805","11001","1095","696","8"
"ostrovsky-na-vsyakogo-mudreca-dovolno-prostoty","rus000101","Островский","0","На всякого мудреца довольно простоты","Комедия в пяти действиях","Comedy","1868","16","false","0.8005803224553224","0.5333333333333333","1.5","glumov","8","3","1868","1868","13","16","7","9","0","","1","1868","37","4","5","18127","17440","1093","1202","15"
"ostrovsky-ne-ot-mira-sego","rus000202","Островский","0","Не от мира сего","Семейные сцены в 3 действиях","","1885","9","false","0.8343915343915344","0.6666666666666666","1.3333333333333333","kseniya|elohov","5.333333333333333","2","1885","1885","8","9","4","5","0","","1","1884","27","1","3","12025","11535","722","625","0"
"ostrovsky-ne-soshlis-harakterami","rus000196","Островский","0","Не сошлись характерами!","Картины московской жизни","","1858","13","false","0.7113553113553113","0.2948717948717949","2.5","pol","3.5384615384615383","5","1858","1858","7","13","6","7","0","","1","1856/1857","13","1","0","7117","6538","697","388","12"
"ostrovsky-ne-tak-zhivi-kak-hochetsya","rus000197","Островский","0","Не так живи, как хочется","Народная драма в трех действиях","","1854","15","false","0.8112650312650312","0.41904761904761906","1.6952380952380952","grusha","5.866666666666666","3","1854","1855","11","15","8","7","0","","1","1854","32","4","3","9248","8867","624","506","51"
"ostrovsky-ne-v-svoi-sani-ne-sadis","rus000195","Островский","0","Не в свои сани не садись","Комедия в трех действиях","Comedy","1853","10","false","0.645","0.6","1.4","vihorev","5.4","2","1853","1853","8","10","3","7","0","","1","1852","38","3","3","12030","11385","1038","660","28"
"ostrovsky-neozhidannyj-sluchaj","rus000190","Островский","0","Неожиданный случай","Драматический этюд","","1851","4","false","1","1","1","several characters","3","1","1902","1851","3","4","2","2","0","","1","1850","13","2","0","6545","6441","281","411","0"
"ostrovsky-nevolnicy","rus000180","Островский","0","Невольницы","","Comedy","1881","7","false","0.819047619047619","0.8095238095238095","1.1904761904761905","styrov|evlaliya","4.857142857142857","2","1883","1881","6","7","3","4","0","","1","1881","34","2","4","17428","16909","841","1031","0"
"ostrovsky-poslednyaya-zhertva","rus000152","Островский","0","Последняя жертва","Комедия в пяти действиях","Comedy","1877","24","false","0.8216299903799905","0.322463768115942","2.0579710144927534","glafira_firsovna|dulchin","7.416666666666667","4","1877","1878","15","24","5","17","2","","1","1877","53","1","5","23333","22040","1539","1523","0"
"ostrovsky-pozdnyaya-lyubov","rus000204","Островский","0","Поздняя любовь","Сцены из жизни захолустья в четырех действиях","","1873","7","false","0.9238095238095239","0.8095238095238095","1.1904761904761905","margaritov|dormedont","4.857142857142857","2","1873","1874","6","7","3","4","0","","1","1873","30","2","4","13215","12606","1023","860","1"
"ostrovsky-prazdnichnyj-son-do-obeda","rus000184","Островский","0","Праздничный сон — до обеда","Картины из московской жизни","","1857","10","false","0.8652380952380951","0.7111111111111111","1.3111111111111111","several characters","6.4","3","1857","","8","10","8","2","0","","1","1857","14","2","0","7005","6422","842","515","2"
"ostrovsky-puchina","rus000144","Островский","0","Пучина","Сцены из московской жизни","","1866","19","false","0.8772411798727587","0.3684210526315789","1.4878048780487805","kiselnikov","6.631578947368421","2","1866","1866","15","19","6","13","0","","2","","23","1","0","13898","13398","645","822","4"
"ostrovsky-semejnaya-kartina","rus000189","Островский","0","Семейная картина","","","1847","6","false","1","1","1","several characters","5","1","1855","1847","5","6","4","2","0","","1","1847","1","3","0","5224","5101","263","202","2"
"ostrovsky-shutniki","rus000181","Островский","0","Шутники","Картины московской жизни, в четырех действиях","","1864","25","false","0.8387504659083607","0.36666666666666664","1.8433333333333333","shilohvostov|vazhnaya_osoba","8.8","4","1864","","19","25","8","17","0","","1","1864","29","1","4","13538","12812","958","884","9"
"ostrovsky-snegurochka","rus000029","Островский","0","Снегурочка","Весенняя сказка","","1873","42","false","0.8573844396863044","0.2462253193960511","1.9210220673635308","snegurochka","10.095238095238095","4","1873","1873","31","42","7","19","16","","1","1873","28","4","5","14978","13495","1633","0","2850"
"ostrovsky-staryj-drug-luchshe-novyh-dvuh","rus000182","Островский","0","Старый друг лучше новых двух","Картины из московской жизни, в трех действиях","","1860","10","false","0.5933333333333333","0.4666666666666667","1.6888888888888889","kupec|prohor_gavrilych|anfisa_karpovna","4.2","4","1860","1860","6","10","4","6","0","","1","1860","20","1","3","12543","12134","634","699","7"
"ostrovsky-svoi-ljudi","rus000028","Островский","0","Свои люди – сочтемся","Комедия в четырех действиях","Comedy","1850","8","false","1","1","1","several characters","7","1","1861","1850","7","8","4","4","0","","1","1849","35","3","4","18119","17655","753","884","4"
"ostrovsky-svoi-sobaki-gryzutsya-chuzhaya-ne-pristavaj","rus000185","Островский","0","Свои собаки грызутся, чужая не приставай","Картины московской жизни","","1861","8","false","0.8607142857142858","0.7142857142857143","1.2857142857142858","ustrashimov","5","2","1861","1861","7","8","6","2","0","","1","1861","15","2","0","7731","7494","471","462","10"
"ostrovsky-trudovoj-hleb","rus000203","Островский","0","Трудовой хлеб","Сцены из жизни захолустья, в четырех действиях","","1874","12","false","0.6800925925925926","0.42424242424242425","1.6818181818181819","korpelov","4.666666666666667","3","1874","1874","9","12","6","6","0","","1","1874","35","1","4","13269","12396","1119","813","9"
"ostrovsky-tyazhelye-dni","rus000201","Островский","0","Тяжелые дни","Сцены из московской жизни, в трех действиях","","1863","11","false","0.7451659451659451","0.4909090909090909","1.5636363636363637","nastasya_pankratevna","4.909090909090909","3","1863","1863","9","11","4","7","0","","1","1863","20","2","3","9830","9423","426","625","0"
"ostrovsky-utro-molodogo-cheloveka","rus000188","Островский","0","Утро молодого человека","Сцены","","1850","9","false","0.7518518518518519","0.4722222222222222","1.6944444444444444","ivan|grishka","3.7777777777777777","3","1853","1850","6","9","0","9","0","","1","1850","6","2","0","3524","3364","210","220","8"
"ostrovsky-v-chuzhom-piru-pohmelje","rus000183","Островский","0","В чужом пиру похмелье","Комедия в двух действиях","Comedy","1856","10","false","0.8510317460317459","0.5777777777777777","1.4222222222222223","andrej_titych","5.2","2","1856","1856","9","10","5","5","0","","1","1856","20","1","2","8080","7666","625","414","0"
"ostrovsky-voevoda-son-na-volge","rus000212","Островский","0","Воевода (Сон на Волге)","Картины из народной жизни XVII века, в пяти действиях, с прологом","Comedy","1865","60","false","0.7924653319889207","0.19096045197740114","2.1649717514124296","dubrovin","11.266666666666667","4","1865","1865","32","60","10","50","0","","1","1864","55","1","5","20359","18600","2152","1","3355"
"ostrovsky-volki-i-ovtsy","rus000027","Островский","0","Волки и овцы","Комедия в пяти действиях","Comedy","1875","18","false","0.8524318274318274","0.45751633986928103","1.607843137254902","pavlin","7.777777777777778","3","1875","1875","15","18","4","14","0","","1","1875","53","4","5","23692","22486","1708","1696","0"
"ostrovsky-vospitannica","rus000161","Островский","0","Воспитанница","Сцены из деревенской жизни","","1859","10","false","0.8805555555555558","0.7111111111111111","1.288888888888889","leonid","6.4","2","1863","1859","9","10","6","4","0","","1","1858","23","3","0","10473","9870","784","584","4"
"ostrovsky-za-chem-pojdesh-to-i-najdesh","rus000186","Островский","0","За чем пойдешь, то и найдешь (Женитьба Бальзаминова)","Картины московской жизни","","1861","9","false","0.8476190476190477","0.5555555555555556","1.4444444444444444","balzaminov","4.444444444444445","2","1863","1861","8","9","7","2","0","","1","1861","26","1","0","11401","10988","501","688","2"
"ozerov-dmitrij-donskoj","rus000086","Озеров","0","Димитрий Донской","Трагедия","Tragedy","1807","10","false","0.7238095238095238","0.5555555555555556","1.488888888888889","dimitrij","5","3","1807","","8","10","2","8","0","","1","1807","27","0","5","12849","12440","506","0","1880"
"petrov-ostrov-mira","rus000169","Петров","0","Остров мира","Комедия в 4 актах","Comedy","1947","27","false","0.7994927993772613","0.5641025641025641","1.4215384615384616","m-r_dzhekobs","14.666666666666666","3","1947","1947","24","27","5","17","5","","2","1939/1940","66","1","4","15377","13790","2305","686","0"
"pisarev-lukavin","rus000133","Писарев","0","Лукавин","Комедия в пяти действиях, в стихах, переделанная с английского","Comedy","1823","13","false","0.8068265068265069","0.5512820512820513","1.4487179487179487","vetron","6.615384615384615","2","1823","1823","12","13","2","10","1","","1","","47","0","5","12398","11980","623","0","2048"
"pisarev-naslednica","rus000149","Писарев","0","Наследница","Комедия в одном действии, в стихах","Comedy","1824","4","false","0.8333333333333333","0.8333333333333334","1.1666666666666667","graf|lyubim","2.5","2","1824","1824","3","4","1","3","0","","1","1824","20","0","1","5641","5485","284","0","902"
"pisarev-poezdka-v-kronshtadt","rus000150","Писарев","0","Поездка в Кронштадт","Комедия в трех действиях, в стихах","Comedy","1823","11","false","0.8522366522366522","0.7090909090909091","1.290909090909091","lenskij","7.090909090909091","2","1823","1824","10","11","4","6","1","","1","1823","47","0","3","8321","7925","585","0","1298"
"pisemskij-gorkaja-sudbina","rus000089","Писемский","0","Горькая судьбина","Драма в четырех действиях","","1859","23","false","0.7849708199250532","0.44664031620553357","1.5731225296442688","burmistr|ananij_jakovlev","9.826086956521738","3","1863","1859","19","23","5","18","0","","1","","28","1","4","16086","15330","1465","580","0"
"plavilshchikov-ermak-pokoritel-sibiri","rus000117","Плавильщиков","0","Ермак, покоритель Сибири","Трагедия в пяти действиях","Tragedy","1803","11","false","0.8285714285714285","0.5818181818181818","1.4181818181818182","kuchum","5.818181818181818","2","1803","1806","10","11","2","7","2","","1","1803","34","0","5","12046","11664","680","274","0"
"plavilshchikov-sgovor-kutejkina","rus000026","Плавильщиков","0","Сговор Кутейкина","Комедия в одном действии","Comedy","1789","9","false","1","1","1","several characters","8","1","1789","1799","8","9","3","6","0","","1","","12","0","0","4134","4010","220","234","13"
"prutkov-blondy","rus000025","Прутков","0","Блонды","Драматическая пословица, в одном действии","","1854","3","false","1","1","1","Baron|Knjaz|Knjaginja","2","1","","1854","2","3","1","2","0","","1","1853","5","0","0","1977","1621","485","94","0"
"prutkov-chereposlov-sirech-frenolog","rus000024","Прутков","0","Черепослов, сиречь Френолог","Оперетта в трех картинах","","1860","9","false","1","1","1","several characters","8","1","","1860","8","9","2","7","0","","1","1856","8","0","0","3103","2509","1431","65","188"
"prutkov-fantaziya","rus000094","Прутков","0","Фантазия","Комедия в одном действии, соч. Y и Z","Comedy","1851","13","false","0.8999000999001001","0.6153846153846154","1.435897435897436","libental|lizaveta_platonovna","7.384615384615385","3","1851","","11","13","4","8","1","","1","1850","12","1","0","5805","5003","1272","295","134"
"prutkov-oprometchivyj-turka","rus000098","Прутков","0","Опрометчивый Турка, или: Приятно ли быть внуком?","Естественно-разговорное представление","","1863","7","false","0.8095238095238094","0.7619047619047619","1.2380952380952381","ivan_semenych","4.571428571428571","2","","1863","6","7","1","6","0","","1","","2","1","0","1714","1538","332","41","9"
"prutkov-spor-drevnih-grecheskih-filosofov","rus000023","Прутков","0","Спор древних греческих философов об изящном","Драматическая сцена из древнегреческой классической жизни в стихах","","1854","2","false","0","1","1","Klefiston|Stif","1","1","","1854","1","2","0","2","0","","1","","1","0","0","488","283","275","0","38"
"prutkov-srodstvo-mirovyh-sil","rus000099","Прутков","0","Сродство мировых сил","Мистерия в одиннадцати явлениях","","1884","10","false","0","0.044444444444444446","1","several characters","0.4","1","","1884","1","10","0","1","9","","8","","11","1","0","1374","798","618","0","131"
"pushkin-boris-godunov","rus000042","Пушкин","0","Борис Годунов","","","1831","79","false","0.8936395873434949","0.10613437195715676","3.026614735475495","tsar_boris","8.278481012658228","6","1866","1831","29","79","9","69","1","","1","1825","22","15","0","11061","10846","562","154","1664"
"pushkin-kamenniy-gost","rus000021","Пушкин","0","Каменный гость","","","1839","11","false","0.8606060606060606","0.45454545454545453","1.8363636363636364","laura|don_karlos|don_guan","4.545454545454546","3","1872","1839","6","11","2","9","0","","1","1830","10","7","0","3782","3690","106","0","693"
"pushkin-mocart-i-saleri","rus000020","Пушкин","0","Моцарт и Сальери","","","1831","2","false","0","1","1","Mocart|Saleri","1","1","1832","1831","1","2","0","2","0","","1","1830","2","8","0","1400","1379","51","0","261"
"pushkin-pir-vo-vremja-chumy","rus000019","Пушкин","0","Пир во время чумы","(Из вильсоновой трагедии: The city of the plague)","","1832","7","false","0.8857142857142856","0.7142857142857143","1.2857142857142858","Mnogie|Predsedatel","4.285714285714286","2","","1832","6","7","3","3","1","","1","1830","2","7","0","1242","1209","36","0","249"
"pushkin-rusalka","rus000018","Пушкин","0","Русалка","","","1837","18","false","0.8343915343915345","0.37254901960784315","1.8496732026143792","knjaz","6.333333333333333","4","","1837","14","18","11","7","0","","1","1829/1832","6","2","0","3099","2993","150","0","565"
"pushkin-skupoj-rytsar","rus000017","Пушкин","0","Скупой рыцарь","(Сцены из Ченстоновой трагикомедии: The covetous Knight)","","1836","5","false","0.8666666666666668","0.6","1.4","Alber","2.4","2","","1836","4","5","0","5","0","","1","1830","3","4","0","2416","2377","66","0","442"
"pushkin-stseny-iz-rytsarskih-vremen","rus000016","Пушкин","0","Сцены из рыцарских времен","","","1837","23","false","0.7998938259807826","0.4268774703557312","1.6205533596837944","Frants","9.391304347826088","3","","1837","21","23","2","21","0","","1","1835","14","0","0","3416","3328","120","222","47"
"rostopchina-neludimka","rus000142","Ростопчина","0","Нелюдимка","Драма в пяти действиях","","1850","12","false","0.7503306878306879","0.42424242424242425","1.621212121212121","valentin","4.666666666666667","3","","1850","10","12","3","9","0","","1","1849","32","0","5","17515","16960","2050","93","2475"
"saltykov-shchedrin-smert-pazuhina","rus000095","Салтыков-Щедрин","0","Смерть Пазухина","Комедия в 4-х действиях","Comedy","1857","15","false","0.8334199134199135","0.5523809523809524","1.4761904761904763","prokofij_ivanych","7.733333333333333","3","1889","1857","12","15","6","9","0","","1","","34","2","4","18849","17708","1729","844","0"
"shakhovskoy-ne-lubo-ne-slushai","rus000078","Шаховской","0","Не любо – не слушай, а лгать не мешай","Комедия в одном действии, в вольных стихах","Comedy","1818","6","false","1","1","1","several characters","5","1","1818","1818","5","6","3","3","0","","1","","16","0","0","7196","7072","181","0","1212"
"shakhovskoy-pustodomy","rus000079","Шаховской","0","Пустодомы","Комедия в пяти действиях, в стихах","Comedy","1819","12","false","0.8912698412698413","0.7878787878787878","1.2272727272727273","several characters","8.666666666666666","3","1819","1820","10","12","4","8","0","","1","","36","0","5","14540","13689","1150","0","2534"
"shakhovskoy-svoya-semya","rus000080","Шаховской","0","Своя семья, или замужняя невеста","Комедия в трех действиях, в стихах","Comedy","1818","8","false","1","1","1","several characters","7","1","1818","1818","7","8","5","3","0","","1","","25","0","3","10767","10412","511","1","1727"
"shakhovskoy-urok-koketkam","rus000077","Шаховской","0","Урок кокеткам, или липецкие воды","Комедия в пяти действиях, в стихах","Comedy","1815","11","false","0.9818181818181819","0.9818181818181818","1.018181818181818","several characters","9.818181818181818","2","1815","1815","10","11","3","8","0","","1","","35","0","5","16403","15932","1244","0","2739"
"sollogub-chinovnik","rus000153","Соллогуб","0","Чиновник","Комедия в одном действии","Comedy","1856","6","false","1","1","1","several characters","5","1","1856","1856","5","6","1","5","0","","1","1856","18","0","0","9423","9226","360","516","0"
"sudovshchikov-neslyhannoe-divo","rus000157","Судовщиков","0","Неслыханное диво, или честный секретарь","Комедия в трех действиях, в стихах","Comedy","1802","9","false","0.8222222222222222","0.6111111111111112","1.3888888888888888","provor|krivosudov","4.888888888888889","2","1809","1802","8","9","2","7","0","","1","","51","0","3","12194","11798","992","0","1842"
"sukhovo-kobylin-delo","rus000015","Сухово-Кобылин","0","Дело","Драма в пяти действиях","","1861","20","false","0.8242180287033228","0.3894736842105263","1.6736842105263159","Tarelkin","7.4","3","","1861","17","20","2","18","0","","1","1856/1861","45","3","5","23667","21691","3373","1348","2"
"sukhovo-kobylin-smert-tarelkina","rus000014","Сухово-Кобылин","0","Смерть Тарелкина","Комедия-шутка в трех действиях","Comedy","1869","24","false","0.8472261126672892","0.3115942028985507","1.8405797101449275","Raspljuev","7.166666666666667","3","1900","1869","17","24","2","22","0","","1","","41","3","3","13844","13097","2156","942","4"
"sukhovo-kobylin-svadba-krechinskogo","rus000013","Сухово-Кобылин","0","Свадьба Кречинского","Комедия в трех действиях","Comedy","1856","11","false","0.7759740259740261","0.6","1.4181818181818182","Muromskij|Krechinskij","6","3","","1856","9","11","2","9","0","","1","1854","40","4","3","18657","17833","2655","1081","9"
"sumarokov-artistona","rus000104","Сумароков","0","Артистона","Трагедия","Tragedy","1750","11","false","0.606926406926407","0.38181818181818183","1.8","gikarn","3.8181818181818183","3","1750","","7","11","4","7","0","","1","","29","0","5","10041","9823","131","0","1478"
"sumarokov-chudovischi","rus000173","Сумароков","0","Чудовищи","Комедия","Comedy","1750","11","false","0.8127705627705629","0.7090909090909091","1.290909090909091","arlikin|gidima","7.090909090909091","2","1750","1787","10","11","3","8","0","","1","1750","31","0","3","6411","6058","385","365","5"
"sumarokov-dimitrij-samozvanets","rus000012","Сумароков","0","Димитрий Самозванец","Трагедия","Tragedy","1771","6","false","0.7666666666666666","0.7333333333333333","1.2666666666666666","dimitrij","3.6666666666666665","2","1771","1771","5","6","1","5","0","","1","1770","36","0","5","7316","7077","209","0","1111"
"sumarokov-gamlet","rus000165","Сумароков","0","Гамлет","Трагедия","Tragedy","1748","10","false","0.51","0.4","1.8222222222222222","ofelija","3.6","4","1757","1748","6","10","4","6","0","","1","1748","25","0","5","9608","9420","131","0","1394"
"sumarokov-horev","rus000011","Сумароков","0","Хорев","Трагедия","Tragedy","1747","12","false","0.7795454545454544","0.3787878787878788","1.621212121212121","kij","4.166666666666667","2","1750","1747","11","12","2","10","0","","1","1747","27","0","5","8491","8291","134","0","1250"
"sumarokov-opekun","rus000177","Сумароков","0","Опекун","Комедия","Comedy","1765","8","false","0.8351190476190475","0.6428571428571429","1.3571428571428572","valerij|chuzhehvat","4.5","2","","1765","7","8","3","5","0","","1","1765","22","0","0","7198","7046","115","283","0"
"sumarokov-pridanoe-obmanom","rus000178","Сумароков","0","Приданое обманом","Комедия","Comedy","1756","5","false","0.8666666666666666","0.8","1.2","paskvin|salidar","3.2","2","1756","1769","4","5","1","4","0","","1","1756","12","0","0","3930","3798","145","310","0"
"sumarokov-pustaja-ssora","rus000175","Сумароков","0","Пустая ссора","Комедия","Comedy","1781","7","false","0.9238095238095239","0.8095238095238095","1.1904761904761905","fatjuj|kimar","4.857142857142857","2","1782","1781","6","7","3","4","0","","1","","18","0","0","2903","2764","144","175","0"
"sumarokov-rogonosets-po-voobrazheniju","rus000174","Сумароков","0","Рогоносец по воображению","Комедия","Comedy","1782","7","false","0.9523809523809524","0.9523809523809523","1.0476190476190477","several characters","5.714285714285714","2","1782","1787","6","7","3","4","0","","1","1772","34","0","3","5904","5697","135","378","0"
"sumarokov-semira","rus000010","Сумароков","0","Семира","Трагедия","Tragedy","1751","10","false","0.6854761904761906","0.4","1.6888888888888889","semira","3.6","3","1751","1768","8","10","2","8","0","","1","1751","39","0","5","10402","10126","268","0","1506"
"sumarokov-sinav-i-truvor","rus000116","Сумароков","0","Синав и Трувор","Трагедия","Tragedy","1750","6","false","0.8055555555555555","0.6666666666666666","1.3333333333333333","ilmena","3.3333333333333335","2","1750","1751","5","6","1","5","0","","1","","26","0","5","9229","9055","191","0","1336"
"sumarokov-ssora-u-muzha-s-zhenoj","rus000176","Сумароков","0","Ссора у мужа с женой","Комедия","Comedy","1751","8","false","1","1","1","several characters","7","1","1751","1950","7","8","4","4","0","","1","1750","24","0","0","4783","4572","313","276","0"
"sumarokov-tresotinius","rus000171","Сумароков","0","Тресотиниус","Комедия","Comedy","1750","11","false","0.7874458874458875","0.5272727272727272","1.5454545454545454","bramarbas|oront|tresotinius","5.2727272727272725","3","1750","1750","8","11","1","10","0","","1","1750","17","0","0","3414","3252","152","167","20"
"sumarokov-vzdorschitsa","rus000179","Сумароков","0","Вздорщица","Комедия","Comedy","1770","8","false","0.9285714285714285","0.8571428571428571","1.1428571428571428","burda|durak|finetta","6","2","1787","1787","7","8","4","4","0","","1","1770","30","0","0","5219","5041","127","393","0"
"tolstoy-smert-ioanna-groznogo","rus000076","Толстой","0","Смерть Иоанна Грозного","Трагедия в пяти действиях","Tragedy","1866","70","false","0.8199526709071019","0.13747412008281573","2.1759656652360513","boris_godunov","9.485714285714286","4","1867","1866","30","70","5","62","3","","2","1866","53","3","5","18855","17852","1495","0","3264"
"tolstoy-tsar-boris","rus000082","Толстой","0","Царь Борис","Трагедия в пяти действиях","Tragedy","1870","102","false","0.9597233970972544","0.20559114735002912","1.9713988559542381","vasilij_shujskij","20.764705882352942","3","1881","1870","58","102","11","81","10","","2","1870","14","3","5","20906","19864","1205","135","3616"
"tolstoy-tsar-fedor-ioannovich","rus000081","Толстой","0","Царь Фёдор Иоаннович","Трагедия в пяти действиях","Tragedy","1868","78","false","0.8933353579050733","0.3553113553113553","1.6719946719946719","ivan_petrovich_shujskij","27.358974358974358","3","1890","1868","67","78","7","60","11","","1","1868","11","4","5","18695","18135","1508","100","3063"
"tolstoy-vlast-tmy","rus000009","Толстой","0","Власть тьмы, или 'коготок увяз, всей птичке пропасть'","Драма в пяти действиях","","1887","24","false","0.725433362933363","0.2463768115942029","2.11231884057971","matrena","5.666666666666667","4","1888","1887","14","24","12","11","1","","1","1886","100","8","5","19878","18456","2372","1258","0"
"tolstoy-zhivoy-trup","rus000084","Толстой","0","Живой труп","Драма в шести действиях (двенадцати картинах)","","1900","40","false","0.6849411820063993","0.12179487179487179","2.3884615384615384","fedja","4.75","5","1911","1911","23","40","11","29","0","","1","1900","83","8","6","14367","13070","1558","902","0"
"tretyakov-protivogazy","rus000092","Третьяков","0","Противогазы","Мелодрама в 3-х действиях","","1923","48","false","0.9171465587658562","0.523936170212766","1.476063829787234","direktor|sekretarsha|egorych","24.625","2","1924","1923","47","48","9","31","8","","1","","3","1","3","4954","4692","407","552","2"
"turgenev-gde-tonko-tam-i-rvetsja","rus000008","Тургенев","0","Где тонко, там и рвётся","Комедия в одном действии","Comedy","1848","10","false","0.7714285714285715","0.6444444444444445","1.4","gorskij|vera|mademoiselle_bienaime","5.8","3","1851","1848","8","10","4","6","0","","1","1847","21","1","0","9805","9391","1328","513","0"
"turgenev-holostjak","rus000007","Тургенев","0","Холостяк","Комедия в трех действиях","Comedy","1849","11","false","0.877849927849928","0.7636363636363637","1.2363636363636363","moshkin|masha","7.636363636363637","2","1849","1849","10","11","3","8","0","","1","1849","3","2","3","21635","20859","3107","993","0"
"turgenev-mesjats-v-derevne","rus000112","Тургенев","0","Месяц в деревне","Комедия в пяти действиях","Comedy","1855","13","false","0.965734265734266","0.9615384615384616","1.0384615384615385","several characters","11.538461538461538","2","1872","1855","12","13","5","8","0","","1","1850","5","8","5","29631","29257","3847","1522","20"
"turgenev-nahlebnik","rus000006","Тургенев","0","Нахлебник","Комедия в двух действиях","Comedy","1857","14","false","1","1","1","several characters","13","1","1862","1857","13","14","4","9","1","","1","1848","2","5","2","15121","14095","2888","770","0"
"turgenev-neostorozhnost","rus000005","Тургенев","0","Неосторожность","","","1843","6","false","0.7666666666666666","0.7333333333333333","1.2666666666666666","don_pablo","3.6666666666666665","2","","1843","5","6","2","4","0","","1","1843","4","1","0","10183","9950","1039","408","38"
"turgenev-provintsialka","rus000004","Тургенев","0","Провинциалка","Комедия в одном действии","Comedy","1851","7","false","0.9238095238095239","0.8095238095238095","1.1904761904761905","stupendev|darja_ivanovna","4.857142857142857","2","1851","1851","6","7","2","5","0","","1","1850","25","1","0","9919","9473","1348","556","3"
"turgenev-razgovor-na-bolshoj-doroge","rus000003","Тургенев","0","Разговор на большой дороге","Сцена","","1851","3","false","1","1","1","seliverst|mihrjutkin|efrem","2","1","","1851","2","3","0","3","0","","1","","1","0","0","4486","4319","574","198","11"
"turgenev-vecher-v-sorrente","rus000002","Тургенев","0","Вечер в Сорренте","Сцена","","1852","7","false","0.519047619047619","0.47619047619047616","1.619047619047619","avakov","2.857142857142857","3","1884","1888","5","7","2","5","0","","1","1852","15","0","0","4247","4046","744","226","0"
"turgenev-zavtrak-u-predvoditelja","rus000001","Тургенев","0","Завтрак у предводителя","","","1849","11","false","0.9185425685425685","0.8727272727272727","1.1272727272727272","several characters","8.727272727272727","2","1849","1856","10","11","1","10","0","","1","1849","11","1","0","7060","6883","178","463","0"
"zagoskin-blagorodnyj-teatr","rus000148","Загоскин","0","Благородный театр","Комедия в четырех действиях, в стихах","Comedy","1828","17","false","0.8265512265512266","0.5588235294117647","1.4411764705882353","lyubskij","8.941176470588236","2","1828","1828","16","17","5","12","0","","1","1828","47","0","4","16449","15861","995","9","2688"
